-- Movies Table
CREATE TABLE movies (
        movie_id SERIAL PRIMARY KEY,
        title VARCHAR(255),
        release_year INT,
        genre VARCHAR(50),
        box_office_collection_crore DECIMAL,
        rating FLOAT,
        production_house VARCHAR(255),
        budget_crore DECIMAL
    );
INSERT INTO movies (movie_id, title, release_year, genre, box_office_collection_crore, rating, production_house, budget_crore) VALUES (1, 'Area management', 2020, 'Action', 14.88, 3.5, 'Dharma', 46.16);
INSERT INTO movies (movie_id, title, release_year, genre, box_office_collection_crore, rating, production_house, budget_crore) VALUES (2, 'Surface effect', 2003, 'Horror', 297.56, 5.9, 'Rajshri', 129.47);
INSERT INTO movies (movie_id, title, release_year, genre, box_office_collection_crore, rating, production_house, budget_crore) VALUES (3, 'Type model', 2000, 'Action', 91.36, 5.5, 'YRF', 170.57);
INSERT INTO movies (movie_id, title, release_year, genre, box_office_collection_crore, rating, production_house, budget_crore) VALUES (4, 'Activity state different', 2022, 'Horror', 282.02, 4.8, 'T-Series', 178.83);
INSERT INTO movies (movie_id, title, release_year, genre, box_office_collection_crore, rating, production_house, budget_crore) VALUES (5, 'Exist', 2000, 'Biopic', 323.3, 7.3, 'Red Chillies', 86.97);
INSERT INTO movies (movie_id, title, release_year, genre, box_office_collection_crore, rating, production_house, budget_crore) VALUES (6, 'Traditional need statement', 2006, 'Biopic', 137.95, 1.8, 'YRF', 110.9);
INSERT INTO movies (movie_id, title, release_year, genre, box_office_collection_crore, rating, production_house, budget_crore) VALUES (7, 'Live event', 2011, 'Thriller', 109.49, 1.4, 'T-Series', 163.19);
INSERT INTO movies (movie_id, title, release_year, genre, box_office_collection_crore, rating, production_house, budget_crore) VALUES (8, 'Talk through age', 2012, 'Action', 223.06, 8.5, 'Rajshri', 266.21);
INSERT INTO movies (movie_id, title, release_year, genre, box_office_collection_crore, rating, production_house, budget_crore) VALUES (9, 'Conference', 2011, 'Thriller', 80.95, 1.6, 'Dharma', 233.06);
INSERT INTO movies (movie_id, title, release_year, genre, box_office_collection_crore, rating, production_house, budget_crore) VALUES (10, 'Win fill television', 2002, 'Biopic', 96.95, 1.9, 'Red Chillies', 138.76);
INSERT INTO movies (movie_id, title, release_year, genre, box_office_collection_crore, rating, production_house, budget_crore) VALUES (11, 'Hotel benefit imagine', 2011, 'Drama', 151.22, 2.9, 'Red Chillies', 212.04);
INSERT INTO movies (movie_id, title, release_year, genre, box_office_collection_crore, rating, production_house, budget_crore) VALUES (12, 'Life yourself', 2021, 'Horror', 33.2, 6.7, 'Rajshri', 220.09);
INSERT INTO movies (movie_id, title, release_year, genre, box_office_collection_crore, rating, production_house, budget_crore) VALUES (13, 'Apply until try', 2005, 'Romance', 154.88, 9.9, 'Rajshri', 69.79);
INSERT INTO movies (movie_id, title, release_year, genre, box_office_collection_crore, rating, production_house, budget_crore) VALUES (14, 'Later speech', 2010, 'Biopic', 308.48, 1.5, 'YRF', 242.49);
INSERT INTO movies (movie_id, title, release_year, genre, box_office_collection_crore, rating, production_house, budget_crore) VALUES (15, 'Than seat know', 2012, 'Comedy', 31.14, 9.2, 'Rajshri', 263.53);
INSERT INTO movies (movie_id, title, release_year, genre, box_office_collection_crore, rating, production_house, budget_crore) VALUES (16, 'Capital again', 2010, 'Drama', 263.9, 4.6, 'T-Series', 47.15);
INSERT INTO movies (movie_id, title, release_year, genre, box_office_collection_crore, rating, production_house, budget_crore) VALUES (17, 'Heart after', 2004, 'Drama', 299.27, 5.9, 'Rajshri', 131.39);
INSERT INTO movies (movie_id, title, release_year, genre, box_office_collection_crore, rating, production_house, budget_crore) VALUES (18, 'Operation firm', 2018, 'Romance', 147.99, 10.0, 'Dharma', 155.31);
INSERT INTO movies (movie_id, title, release_year, genre, box_office_collection_crore, rating, production_house, budget_crore) VALUES (19, 'Security', 2002, 'Biopic', 23.61, 2.0, 'Dharma', 238.66);
INSERT INTO movies (movie_id, title, release_year, genre, box_office_collection_crore, rating, production_house, budget_crore) VALUES (20, 'Perhaps see', 2013, 'Thriller', 30.09, 4.4, 'T-Series', 161.09);
INSERT INTO movies (movie_id, title, release_year, genre, box_office_collection_crore, rating, production_house, budget_crore) VALUES (21, 'Technology fast', 2017, 'Biopic', 377.26, 7.1, 'YRF', 206.1);
INSERT INTO movies (movie_id, title, release_year, genre, box_office_collection_crore, rating, production_house, budget_crore) VALUES (22, 'Address true court', 2017, 'Biopic', 110.4, 6.8, 'YRF', 91.58);
INSERT INTO movies (movie_id, title, release_year, genre, box_office_collection_crore, rating, production_house, budget_crore) VALUES (23, 'Again', 2005, 'Romance', 6.28, 7.5, 'Red Chillies', 291.71);
INSERT INTO movies (movie_id, title, release_year, genre, box_office_collection_crore, rating, production_house, budget_crore) VALUES (24, 'Determine', 2024, 'Drama', 205.53, 2.0, 'Red Chillies', 253.29);
INSERT INTO movies (movie_id, title, release_year, genre, box_office_collection_crore, rating, production_house, budget_crore) VALUES (25, 'Major evening', 2016, 'Thriller', 83.57, 4.4, 'Dharma', 164.12);
INSERT INTO movies (movie_id, title, release_year, genre, box_office_collection_crore, rating, production_house, budget_crore) VALUES (26, 'Security over', 2024, 'Thriller', 367.8, 6.4, 'T-Series', 10.75);
INSERT INTO movies (movie_id, title, release_year, genre, box_office_collection_crore, rating, production_house, budget_crore) VALUES (27, 'Spend south', 2011, 'Biopic', 323.68, 3.2, 'Dharma', 264.01);
INSERT INTO movies (movie_id, title, release_year, genre, box_office_collection_crore, rating, production_house, budget_crore) VALUES (28, 'Table suffer executive', 2002, 'Action', 294.1, 8.3, 'Rajshri', 230.92);
INSERT INTO movies (movie_id, title, release_year, genre, box_office_collection_crore, rating, production_house, budget_crore) VALUES (29, 'Skin agency range', 2004, 'Horror', 192.74, 5.9, 'Red Chillies', 160.66);
INSERT INTO movies (movie_id, title, release_year, genre, box_office_collection_crore, rating, production_house, budget_crore) VALUES (30, 'Foot someone see', 2019, 'Romance', 385.92, 9.4, 'Dharma', 215.32);
INSERT INTO movies (movie_id, title, release_year, genre, box_office_collection_crore, rating, production_house, budget_crore) VALUES (31, 'Window understand', 2012, 'Horror', 261.7, 4.9, 'Rajshri', 138.19);
INSERT INTO movies (movie_id, title, release_year, genre, box_office_collection_crore, rating, production_house, budget_crore) VALUES (32, 'Fly example', 2007, 'Drama', 30.29, 1.2, 'Rajshri', 72.88);
INSERT INTO movies (movie_id, title, release_year, genre, box_office_collection_crore, rating, production_house, budget_crore) VALUES (33, 'Eye skin cell', 2007, 'Action', 33.04, 6.7, 'Dharma', 24.88);
INSERT INTO movies (movie_id, title, release_year, genre, box_office_collection_crore, rating, production_house, budget_crore) VALUES (34, 'Science ball', 2001, 'Biopic', 135.52, 5.6, 'Red Chillies', 202.35);
INSERT INTO movies (movie_id, title, release_year, genre, box_office_collection_crore, rating, production_house, budget_crore) VALUES (35, 'Attention while', 2006, 'Thriller', 57.26, 9.4, 'Rajshri', 174.98);
INSERT INTO movies (movie_id, title, release_year, genre, box_office_collection_crore, rating, production_house, budget_crore) VALUES (36, 'To that', 2007, 'Biopic', 191.82, 4.7, 'YRF', 33.59);
INSERT INTO movies (movie_id, title, release_year, genre, box_office_collection_crore, rating, production_house, budget_crore) VALUES (37, 'Station decade', 2013, 'Comedy', 172.31, 5.2, 'YRF', 203.64);
INSERT INTO movies (movie_id, title, release_year, genre, box_office_collection_crore, rating, production_house, budget_crore) VALUES (38, 'Before same decade', 2020, 'Action', 28.94, 7.6, 'YRF', 78.35);
INSERT INTO movies (movie_id, title, release_year, genre, box_office_collection_crore, rating, production_house, budget_crore) VALUES (39, 'Rather program', 2006, 'Thriller', 182.2, 4.8, 'Red Chillies', 141.48);
INSERT INTO movies (movie_id, title, release_year, genre, box_office_collection_crore, rating, production_house, budget_crore) VALUES (40, 'Two eye into', 2002, 'Romance', 324.17, 8.7, 'YRF', 19.92);
INSERT INTO movies (movie_id, title, release_year, genre, box_office_collection_crore, rating, production_house, budget_crore) VALUES (41, 'Skin the interest month', 2017, 'Biopic', 10.83, 1.8, 'Dharma', 54.06);
INSERT INTO movies (movie_id, title, release_year, genre, box_office_collection_crore, rating, production_house, budget_crore) VALUES (42, 'Statement agency', 2015, 'Romance', 89.43, 4.6, 'YRF', 53.57);
INSERT INTO movies (movie_id, title, release_year, genre, box_office_collection_crore, rating, production_house, budget_crore) VALUES (43, 'Still resource end', 2000, 'Romance', 109.76, 8.1, 'T-Series', 89.15);
INSERT INTO movies (movie_id, title, release_year, genre, box_office_collection_crore, rating, production_house, budget_crore) VALUES (44, 'Four role field', 2022, 'Horror', 398.19, 6.0, 'T-Series', 50.67);
INSERT INTO movies (movie_id, title, release_year, genre, box_office_collection_crore, rating, production_house, budget_crore) VALUES (45, 'Central manage hundred', 2009, 'Drama', 387.64, 6.2, 'Rajshri', 22.98);
INSERT INTO movies (movie_id, title, release_year, genre, box_office_collection_crore, rating, production_house, budget_crore) VALUES (46, 'Last land', 2010, 'Action', 24.81, 5.3, 'Rajshri', 51.44);
INSERT INTO movies (movie_id, title, release_year, genre, box_office_collection_crore, rating, production_house, budget_crore) VALUES (47, 'Factor local east federal', 2016, 'Action', 341.28, 1.6, 'YRF', 204.19);
INSERT INTO movies (movie_id, title, release_year, genre, box_office_collection_crore, rating, production_house, budget_crore) VALUES (48, 'Figure', 2007, 'Romance', 52.36, 9.0, 'Dharma', 175.78);
INSERT INTO movies (movie_id, title, release_year, genre, box_office_collection_crore, rating, production_house, budget_crore) VALUES (49, 'Black participant reflect', 2001, 'Thriller', 37.38, 6.9, 'Rajshri', 159.22);
INSERT INTO movies (movie_id, title, release_year, genre, box_office_collection_crore, rating, production_house, budget_crore) VALUES (50, 'Situation around', 2008, 'Drama', 269.54, 3.8, 'Red Chillies', 121.76);
INSERT INTO movies (movie_id, title, release_year, genre, box_office_collection_crore, rating, production_house, budget_crore) VALUES (51, 'Population', 2021, 'Horror', 123.5, 3.8, 'YRF', 7.75);
INSERT INTO movies (movie_id, title, release_year, genre, box_office_collection_crore, rating, production_house, budget_crore) VALUES (52, 'Price threat attention', 2019, 'Thriller', 398.46, 1.7, 'Dharma', 154.24);
INSERT INTO movies (movie_id, title, release_year, genre, box_office_collection_crore, rating, production_house, budget_crore) VALUES (53, 'Free material environmental', 2004, 'Comedy', 352.94, 8.9, 'Red Chillies', 89.07);
INSERT INTO movies (movie_id, title, release_year, genre, box_office_collection_crore, rating, production_house, budget_crore) VALUES (54, 'Everyone suffer star', 2014, 'Biopic', 219.57, 3.7, 'Rajshri', 7.31);
INSERT INTO movies (movie_id, title, release_year, genre, box_office_collection_crore, rating, production_house, budget_crore) VALUES (55, 'War do result', 2017, 'Comedy', 373.04, 1.9, 'Dharma', 83.02);
INSERT INTO movies (movie_id, title, release_year, genre, box_office_collection_crore, rating, production_house, budget_crore) VALUES (56, 'Sport cold company', 2003, 'Horror', 223.52, 3.5, 'Rajshri', 67.14);
INSERT INTO movies (movie_id, title, release_year, genre, box_office_collection_crore, rating, production_house, budget_crore) VALUES (57, 'Each drug teach', 2010, 'Drama', 276.56, 8.7, 'Rajshri', 149.12);
INSERT INTO movies (movie_id, title, release_year, genre, box_office_collection_crore, rating, production_house, budget_crore) VALUES (58, 'Firm key present', 2001, 'Action', 255.54, 8.5, 'YRF', 6.05);
INSERT INTO movies (movie_id, title, release_year, genre, box_office_collection_crore, rating, production_house, budget_crore) VALUES (59, 'Democrat particular', 2024, 'Drama', 256.66, 3.4, 'T-Series', 167.75);
INSERT INTO movies (movie_id, title, release_year, genre, box_office_collection_crore, rating, production_house, budget_crore) VALUES (60, 'Heart government', 2013, 'Thriller', 8.82, 1.7, 'Dharma', 165.95);
INSERT INTO movies (movie_id, title, release_year, genre, box_office_collection_crore, rating, production_house, budget_crore) VALUES (61, 'Beat must evidence', 2011, 'Thriller', 223.25, 4.9, 'YRF', 95.94);
INSERT INTO movies (movie_id, title, release_year, genre, box_office_collection_crore, rating, production_house, budget_crore) VALUES (62, 'Law about college plant', 2001, 'Comedy', 87.98, 3.2, 'YRF', 109.34);
INSERT INTO movies (movie_id, title, release_year, genre, box_office_collection_crore, rating, production_house, budget_crore) VALUES (63, 'Card determine thus', 2017, 'Biopic', 165.52, 6.6, 'Dharma', 278.1);
INSERT INTO movies (movie_id, title, release_year, genre, box_office_collection_crore, rating, production_house, budget_crore) VALUES (64, 'Responsibility price', 2007, 'Biopic', 69.19, 8.2, 'Dharma', 265.02);
INSERT INTO movies (movie_id, title, release_year, genre, box_office_collection_crore, rating, production_house, budget_crore) VALUES (65, 'Second production this', 2000, 'Drama', 295.94, 4.0, 'T-Series', 241.66);
INSERT INTO movies (movie_id, title, release_year, genre, box_office_collection_crore, rating, production_house, budget_crore) VALUES (66, 'Voice and', 2023, 'Biopic', 103.03, 2.4, 'YRF', 117.85);
INSERT INTO movies (movie_id, title, release_year, genre, box_office_collection_crore, rating, production_house, budget_crore) VALUES (67, 'Anything bit tough', 2001, 'Biopic', 190.92, 2.8, 'T-Series', 108.15);
INSERT INTO movies (movie_id, title, release_year, genre, box_office_collection_crore, rating, production_house, budget_crore) VALUES (68, 'Suddenly', 2007, 'Drama', 14.35, 2.7, 'Red Chillies', 87.19);
INSERT INTO movies (movie_id, title, release_year, genre, box_office_collection_crore, rating, production_house, budget_crore) VALUES (69, 'Development ten herself', 2002, 'Biopic', 115.25, 6.8, 'T-Series', 205.46);
INSERT INTO movies (movie_id, title, release_year, genre, box_office_collection_crore, rating, production_house, budget_crore) VALUES (70, 'Decide require throw', 2017, 'Comedy', 376.0, 2.0, 'Red Chillies', 57.68);
INSERT INTO movies (movie_id, title, release_year, genre, box_office_collection_crore, rating, production_house, budget_crore) VALUES (71, 'Station they identify', 2008, 'Action', 47.82, 4.9, 'Red Chillies', 133.74);
INSERT INTO movies (movie_id, title, release_year, genre, box_office_collection_crore, rating, production_house, budget_crore) VALUES (72, 'Tell clearly fill', 2016, 'Action', 157.15, 6.2, 'Red Chillies', 18.09);
INSERT INTO movies (movie_id, title, release_year, genre, box_office_collection_crore, rating, production_house, budget_crore) VALUES (73, 'Raise together husband service', 2013, 'Action', 210.37, 8.3, 'Dharma', 112.45);
INSERT INTO movies (movie_id, title, release_year, genre, box_office_collection_crore, rating, production_house, budget_crore) VALUES (74, 'From good truth nature', 2002, 'Horror', 368.7, 6.6, 'YRF', 217.33);
INSERT INTO movies (movie_id, title, release_year, genre, box_office_collection_crore, rating, production_house, budget_crore) VALUES (75, 'Cost kind improve', 2009, 'Thriller', 127.17, 4.7, 'T-Series', 210.68);
INSERT INTO movies (movie_id, title, release_year, genre, box_office_collection_crore, rating, production_house, budget_crore) VALUES (76, 'Military', 2017, 'Drama', 80.78, 7.0, 'T-Series', 204.81);
INSERT INTO movies (movie_id, title, release_year, genre, box_office_collection_crore, rating, production_house, budget_crore) VALUES (77, 'Effort last', 2005, 'Thriller', 229.8, 4.7, 'YRF', 94.64);
INSERT INTO movies (movie_id, title, release_year, genre, box_office_collection_crore, rating, production_house, budget_crore) VALUES (78, 'Field kid name', 2006, 'Romance', 315.37, 6.5, 'Red Chillies', 142.17);
INSERT INTO movies (movie_id, title, release_year, genre, box_office_collection_crore, rating, production_house, budget_crore) VALUES (79, 'Leg month', 2014, 'Horror', 89.41, 5.3, 'Dharma', 199.36);
INSERT INTO movies (movie_id, title, release_year, genre, box_office_collection_crore, rating, production_house, budget_crore) VALUES (80, 'Speak official white', 2009, 'Thriller', 267.22, 6.6, 'YRF', 246.43);
INSERT INTO movies (movie_id, title, release_year, genre, box_office_collection_crore, rating, production_house, budget_crore) VALUES (81, 'Anyone article', 2024, 'Drama', 270.75, 3.0, 'Dharma', 48.47);
INSERT INTO movies (movie_id, title, release_year, genre, box_office_collection_crore, rating, production_house, budget_crore) VALUES (82, 'Individual just likely', 2001, 'Drama', 393.65, 6.5, 'YRF', 139.35);
INSERT INTO movies (movie_id, title, release_year, genre, box_office_collection_crore, rating, production_house, budget_crore) VALUES (83, 'Form theory full', 2020, 'Thriller', 81.8, 7.3, 'T-Series', 122.9);
INSERT INTO movies (movie_id, title, release_year, genre, box_office_collection_crore, rating, production_house, budget_crore) VALUES (84, 'More table plan', 2004, 'Horror', 276.61, 9.0, 'YRF', 234.63);
INSERT INTO movies (movie_id, title, release_year, genre, box_office_collection_crore, rating, production_house, budget_crore) VALUES (85, 'Pick on student', 2007, 'Drama', 322.62, 7.3, 'T-Series', 19.81);
INSERT INTO movies (movie_id, title, release_year, genre, box_office_collection_crore, rating, production_house, budget_crore) VALUES (86, 'Machine though section', 2007, 'Biopic', 52.94, 2.2, 'T-Series', 201.94);
INSERT INTO movies (movie_id, title, release_year, genre, box_office_collection_crore, rating, production_house, budget_crore) VALUES (87, 'Contain attack', 2017, 'Thriller', 130.33, 7.8, 'T-Series', 185.73);
INSERT INTO movies (movie_id, title, release_year, genre, box_office_collection_crore, rating, production_house, budget_crore) VALUES (88, 'Skill', 2023, 'Thriller', 173.56, 9.2, 'T-Series', 269.68);
INSERT INTO movies (movie_id, title, release_year, genre, box_office_collection_crore, rating, production_house, budget_crore) VALUES (89, 'Today to evening', 2023, 'Biopic', 192.5, 3.3, 'Dharma', 252.76);
INSERT INTO movies (movie_id, title, release_year, genre, box_office_collection_crore, rating, production_house, budget_crore) VALUES (90, 'General nice', 2008, 'Biopic', 312.18, 5.4, 'Dharma', 86.01);
INSERT INTO movies (movie_id, title, release_year, genre, box_office_collection_crore, rating, production_house, budget_crore) VALUES (91, 'Shoulder', 2002, 'Horror', 117.86, 3.4, 'Red Chillies', 268.44);
INSERT INTO movies (movie_id, title, release_year, genre, box_office_collection_crore, rating, production_house, budget_crore) VALUES (92, 'Great site believe', 2002, 'Drama', 64.58, 4.4, 'Dharma', 213.39);
INSERT INTO movies (movie_id, title, release_year, genre, box_office_collection_crore, rating, production_house, budget_crore) VALUES (93, 'Sister very', 2002, 'Romance', 166.0, 5.9, 'T-Series', 23.37);
INSERT INTO movies (movie_id, title, release_year, genre, box_office_collection_crore, rating, production_house, budget_crore) VALUES (94, 'Kid take', 2013, 'Romance', 362.41, 6.3, 'YRF', 257.74);
INSERT INTO movies (movie_id, title, release_year, genre, box_office_collection_crore, rating, production_house, budget_crore) VALUES (95, 'The share', 2024, 'Thriller', 155.25, 1.1, 'Red Chillies', 93.09);
INSERT INTO movies (movie_id, title, release_year, genre, box_office_collection_crore, rating, production_house, budget_crore) VALUES (96, 'Bill might begin', 2012, 'Biopic', 357.2, 8.5, 'Rajshri', 225.52);
INSERT INTO movies (movie_id, title, release_year, genre, box_office_collection_crore, rating, production_house, budget_crore) VALUES (97, 'Analysis maybe', 2017, 'Biopic', 243.28, 3.0, 'Dharma', 85.52);
INSERT INTO movies (movie_id, title, release_year, genre, box_office_collection_crore, rating, production_house, budget_crore) VALUES (98, 'Citizen federal', 2015, 'Action', 158.6, 7.0, 'T-Series', 218.63);
INSERT INTO movies (movie_id, title, release_year, genre, box_office_collection_crore, rating, production_house, budget_crore) VALUES (99, 'Which', 2014, 'Drama', 392.39, 5.8, 'T-Series', 179.61);
INSERT INTO movies (movie_id, title, release_year, genre, box_office_collection_crore, rating, production_house, budget_crore) VALUES (100, 'Fine central prepare', 2021, 'Action', 38.16, 4.9, 'T-Series', 58.61);

-- Actors Table
CREATE TABLE actors (actor_id SERIAL PRIMARY KEY, name VARCHAR(255), gender VARCHAR(10), debut_year INT);
INSERT INTO actors VALUES (1, 'Shirley Rosario', 'Female', 2003);
INSERT INTO actors VALUES (2, 'Michael Smith', 'Female', 2010);
INSERT INTO actors VALUES (3, 'Dawn Ali', 'Female', 2014);
INSERT INTO actors VALUES (4, 'Adam Church', 'Female', 2016);
INSERT INTO actors VALUES (5, 'Misty Hartman', 'Female', 1995);
INSERT INTO actors VALUES (6, 'Michael Black', 'Female', 1991);
INSERT INTO actors VALUES (7, 'Pamela Meadows', 'Male', 2012);
INSERT INTO actors VALUES (8, 'Antonio Simmons', 'Male', 1994);
INSERT INTO actors VALUES (9, 'Debbie Henderson', 'Male', 1991);
INSERT INTO actors VALUES (10, 'Karen Ramirez', 'Male', 2002);
INSERT INTO actors VALUES (11, 'Jose Wilson', 'Male', 1999);
INSERT INTO actors VALUES (12, 'Lisa Gonzales', 'Male', 1998);
INSERT INTO actors VALUES (13, 'Jonathan Lewis', 'Female', 1997);
INSERT INTO actors VALUES (14, 'Adrienne Cole', 'Male', 2019);
INSERT INTO actors VALUES (15, 'Kevin Quinn', 'Female', 2013);
INSERT INTO actors VALUES (16, 'Steve Ryan', 'Male', 1997);
INSERT INTO actors VALUES (17, 'Cathy Harmon MD', 'Male', 2009);
INSERT INTO actors VALUES (18, 'Alexa Berger', 'Male', 1991);
INSERT INTO actors VALUES (19, 'Marvin Ayala', 'Female', 2014);
INSERT INTO actors VALUES (20, 'Jesse Collier', 'Female', 2002);
INSERT INTO actors VALUES (21, 'Timothy Bullock', 'Male', 2005);
INSERT INTO actors VALUES (22, 'Bruce Delgado', 'Male', 2009);
INSERT INTO actors VALUES (23, 'Amanda Gardner', 'Male', 1992);
INSERT INTO actors VALUES (24, 'Billy Gray', 'Female', 2017);
INSERT INTO actors VALUES (25, 'Michael Oneill', 'Female', 1994);
INSERT INTO actors VALUES (26, 'Mr. Mark Wilson', 'Female', 1990);
INSERT INTO actors VALUES (27, 'Cynthia Roy', 'Female', 2021);
INSERT INTO actors VALUES (28, 'Erin Briggs DDS', 'Male', 2017);
INSERT INTO actors VALUES (29, 'David Bryant', 'Female', 2019);
INSERT INTO actors VALUES (30, 'Beverly Collins', 'Male', 2017);
INSERT INTO actors VALUES (31, 'James Harris', 'Male', 2007);
INSERT INTO actors VALUES (32, 'Aaron Harris', 'Female', 2019);
INSERT INTO actors VALUES (33, 'Marilyn Snow', 'Female', 2007);
INSERT INTO actors VALUES (34, 'Mrs. Teresa Nguyen PhD', 'Female', 2005);
INSERT INTO actors VALUES (35, 'Lisa Franklin', 'Male', 2007);
INSERT INTO actors VALUES (36, 'Alison Hill', 'Female', 2005);
INSERT INTO actors VALUES (37, 'Jessica Norris', 'Female', 2014);
INSERT INTO actors VALUES (38, 'Corey Becker', 'Female', 1991);
INSERT INTO actors VALUES (39, 'Katherine Kent', 'Female', 2010);
INSERT INTO actors VALUES (40, 'Nicholas Erickson', 'Male', 2021);
INSERT INTO actors VALUES (41, 'Casey Orr', 'Male', 2012);
INSERT INTO actors VALUES (42, 'Christopher Ramirez', 'Female', 2011);
INSERT INTO actors VALUES (43, 'Jason Galloway', 'Female', 2007);
INSERT INTO actors VALUES (44, 'Jessica Moses', 'Male', 2002);
INSERT INTO actors VALUES (45, 'Erin Finley', 'Male', 2005);
INSERT INTO actors VALUES (46, 'Lauren Wade', 'Female', 2021);
INSERT INTO actors VALUES (47, 'David Brooks', 'Male', 2020);
INSERT INTO actors VALUES (48, 'Terry Morales', 'Female', 2018);
INSERT INTO actors VALUES (49, 'Robert Wallace', 'Male', 1995);
INSERT INTO actors VALUES (50, 'Stephanie Mason', 'Female', 2004);

-- Directors Table
CREATE TABLE directors (director_id SERIAL PRIMARY KEY, name VARCHAR(255), debut_year INT);
INSERT INTO directors VALUES (1, 'Adrienne Kelly', 2015);
INSERT INTO directors VALUES (2, 'Barbara Mcdowell', 2005);
INSERT INTO directors VALUES (3, 'Brenda Brooks', 2009);
INSERT INTO directors VALUES (4, 'Edward Hill', 2013);
INSERT INTO directors VALUES (5, 'Jane Mcdaniel', 2020);
INSERT INTO directors VALUES (6, 'Manuel Todd', 2012);
INSERT INTO directors VALUES (7, 'Lisa Robles', 2017);
INSERT INTO directors VALUES (8, 'Kristi Reed', 2011);
INSERT INTO directors VALUES (9, 'Hannah Wilson', 2012);
INSERT INTO directors VALUES (10, 'Teresa Miller', 2019);
INSERT INTO directors VALUES (11, 'Jennifer Gallagher', 2007);
INSERT INTO directors VALUES (12, 'Mary Collins', 2009);
INSERT INTO directors VALUES (13, 'Julie Robertson', 2006);
INSERT INTO directors VALUES (14, 'Joshua Nelson', 2004);
INSERT INTO directors VALUES (15, 'Christopher Soto', 1997);
INSERT INTO directors VALUES (16, 'Kyle Jackson', 2002);
INSERT INTO directors VALUES (17, 'Jason Bright', 2010);
INSERT INTO directors VALUES (18, 'Carol Bender', 1997);
INSERT INTO directors VALUES (19, 'Linda Mckenzie DVM', 2001);
INSERT INTO directors VALUES (20, 'Danielle Boyd', 2002);
INSERT INTO directors VALUES (21, 'Maxwell Mack', 2003);
INSERT INTO directors VALUES (22, 'Vanessa Gonzalez', 2020);
INSERT INTO directors VALUES (23, 'Aaron Horton', 2007);
INSERT INTO directors VALUES (24, 'Brenda Banks', 2008);
INSERT INTO directors VALUES (25, 'Andrea Conner', 1996);
INSERT INTO directors VALUES (26, 'Jonathan Dixon', 2002);
INSERT INTO directors VALUES (27, 'James Hobbs', 2008);
INSERT INTO directors VALUES (28, 'Ashley Baldwin', 2004);
INSERT INTO directors VALUES (29, 'Christopher Bond', 2013);
INSERT INTO directors VALUES (30, 'Sharon Wright', 2001);
INSERT INTO directors VALUES (31, 'Madison Wilson', 2009);
INSERT INTO directors VALUES (32, 'Karen Davis MD', 1990);
INSERT INTO directors VALUES (33, 'Lauren Campbell', 1998);
INSERT INTO directors VALUES (34, 'Jeffrey Adams', 2007);
INSERT INTO directors VALUES (35, 'Jeffrey Anderson', 1992);
INSERT INTO directors VALUES (36, 'Alex Ho', 1993);
INSERT INTO directors VALUES (37, 'Lisa Johnston', 2008);
INSERT INTO directors VALUES (38, 'Amanda Ramirez', 1998);
INSERT INTO directors VALUES (39, 'Laura Watkins', 2021);
INSERT INTO directors VALUES (40, 'Sheila Cruz', 1996);
INSERT INTO directors VALUES (41, 'Phillip Smith', 1990);
INSERT INTO directors VALUES (42, 'Kenneth Mcdonald', 2008);
INSERT INTO directors VALUES (43, 'Melanie Powell', 2020);
INSERT INTO directors VALUES (44, 'Richard Taylor', 2020);
INSERT INTO directors VALUES (45, 'Douglas Brock', 2018);
INSERT INTO directors VALUES (46, 'Christopher Deleon', 2011);
INSERT INTO directors VALUES (47, 'Meredith Griffin DVM', 2001);
INSERT INTO directors VALUES (48, 'David Sims', 1993);
INSERT INTO directors VALUES (49, 'Brenda Barber', 2006);
INSERT INTO directors VALUES (50, 'Jacqueline Miller', 2020);

-- Movie_actors Table
CREATE TABLE movie_actors (movie_id INT, actor_id INT, role_type VARCHAR(50), PRIMARY KEY (movie_id, actor_id));
INSERT INTO movie_actors VALUES (15, 5, 'Supporting');
INSERT INTO movie_actors VALUES (63, 5, 'Cameo');
INSERT INTO movie_actors VALUES (81, 44, 'Lead');
INSERT INTO movie_actors VALUES (20, 10, 'Cameo');
INSERT INTO movie_actors VALUES (39, 6, 'Lead');
INSERT INTO movie_actors VALUES (16, 36, 'Supporting');
INSERT INTO movie_actors VALUES (78, 39, 'Cameo');
INSERT INTO movie_actors VALUES (29, 50, 'Cameo');
INSERT INTO movie_actors VALUES (49, 29, 'Supporting');
INSERT INTO movie_actors VALUES (39, 38, 'Supporting');
INSERT INTO movie_actors VALUES (40, 37, 'Cameo');
INSERT INTO movie_actors VALUES (8, 40, 'Cameo');
INSERT INTO movie_actors VALUES (13, 49, 'Lead');
INSERT INTO movie_actors VALUES (81, 14, 'Supporting');
INSERT INTO movie_actors VALUES (85, 6, 'Lead');
INSERT INTO movie_actors VALUES (31, 12, 'Cameo');
INSERT INTO movie_actors VALUES (10, 11, 'Lead');
INSERT INTO movie_actors VALUES (53, 29, 'Cameo');
INSERT INTO movie_actors VALUES (77, 31, 'Supporting');
INSERT INTO movie_actors VALUES (5, 15, 'Supporting');
INSERT INTO movie_actors VALUES (91, 19, 'Cameo');
INSERT INTO movie_actors VALUES (59, 5, 'Cameo');
INSERT INTO movie_actors VALUES (30, 17, 'Cameo');
INSERT INTO movie_actors VALUES (76, 43, 'Lead');
INSERT INTO movie_actors VALUES (55, 8, 'Cameo');
INSERT INTO movie_actors VALUES (29, 42, 'Lead');
INSERT INTO movie_actors VALUES (35, 10, 'Lead');
INSERT INTO movie_actors VALUES (8, 11, 'Supporting');
INSERT INTO movie_actors VALUES (77, 48, 'Cameo');
INSERT INTO movie_actors VALUES (37, 29, 'Lead');
INSERT INTO movie_actors VALUES (60, 45, 'Supporting');
INSERT INTO movie_actors VALUES (90, 26, 'Supporting');
INSERT INTO movie_actors VALUES (65, 35, 'Supporting');
INSERT INTO movie_actors VALUES (57, 6, 'Cameo');
INSERT INTO movie_actors VALUES (6, 28, 'Cameo');
INSERT INTO movie_actors VALUES (42, 39, 'Supporting');
INSERT INTO movie_actors VALUES (4, 6, 'Lead');
INSERT INTO movie_actors VALUES (87, 37, 'Cameo');
INSERT INTO movie_actors VALUES (3, 49, 'Cameo');
INSERT INTO movie_actors VALUES (35, 37, 'Lead');
INSERT INTO movie_actors VALUES (98, 49, 'Lead');
INSERT INTO movie_actors VALUES (61, 34, 'Cameo');
INSERT INTO movie_actors VALUES (57, 18, 'Lead');
INSERT INTO movie_actors VALUES (75, 28, 'Cameo');
INSERT INTO movie_actors VALUES (63, 6, 'Supporting');
INSERT INTO movie_actors VALUES (45, 27, 'Supporting');
INSERT INTO movie_actors VALUES (42, 43, 'Lead');
INSERT INTO movie_actors VALUES (21, 22, 'Supporting');
INSERT INTO movie_actors VALUES (89, 32, 'Supporting');
INSERT INTO movie_actors VALUES (85, 26, 'Cameo');

-- Movie_directors Table
CREATE TABLE movie_directors (movie_id INT, director_id INT, PRIMARY KEY (movie_id, director_id));
INSERT INTO movie_directors VALUES (5, 30);
INSERT INTO movie_directors VALUES (12, 21);
INSERT INTO movie_directors VALUES (33, 21);
INSERT INTO movie_directors VALUES (15, 50);
INSERT INTO movie_directors VALUES (52, 33);
INSERT INTO movie_directors VALUES (1, 43);
INSERT INTO movie_directors VALUES (70, 30);
INSERT INTO movie_directors VALUES (53, 4);
INSERT INTO movie_directors VALUES (25, 34);
INSERT INTO movie_directors VALUES (47, 40);
INSERT INTO movie_directors VALUES (97, 32);
INSERT INTO movie_directors VALUES (81, 29);
INSERT INTO movie_directors VALUES (98, 4);
INSERT INTO movie_directors VALUES (27, 18);
INSERT INTO movie_directors VALUES (71, 9);
INSERT INTO movie_directors VALUES (37, 29);
INSERT INTO movie_directors VALUES (90, 32);
INSERT INTO movie_directors VALUES (16, 2);
INSERT INTO movie_directors VALUES (81, 39);
INSERT INTO movie_directors VALUES (31, 46);
INSERT INTO movie_directors VALUES (21, 20);
INSERT INTO movie_directors VALUES (71, 1);
INSERT INTO movie_directors VALUES (71, 27);
INSERT INTO movie_directors VALUES (12, 15);
INSERT INTO movie_directors VALUES (15, 30);
INSERT INTO movie_directors VALUES (16, 42);
INSERT INTO movie_directors VALUES (20, 32);
INSERT INTO movie_directors VALUES (92, 19);
INSERT INTO movie_directors VALUES (66, 46);
INSERT INTO movie_directors VALUES (35, 27);
INSERT INTO movie_directors VALUES (62, 31);
INSERT INTO movie_directors VALUES (32, 30);
INSERT INTO movie_directors VALUES (71, 10);
INSERT INTO movie_directors VALUES (50, 13);
INSERT INTO movie_directors VALUES (77, 33);
INSERT INTO movie_directors VALUES (96, 9);
INSERT INTO movie_directors VALUES (9, 18);
INSERT INTO movie_directors VALUES (99, 27);
INSERT INTO movie_directors VALUES (44, 33);
INSERT INTO movie_directors VALUES (35, 1);
INSERT INTO movie_directors VALUES (37, 47);
INSERT INTO movie_directors VALUES (39, 38);
INSERT INTO movie_directors VALUES (75, 43);
INSERT INTO movie_directors VALUES (63, 10);
INSERT INTO movie_directors VALUES (58, 35);
INSERT INTO movie_directors VALUES (62, 23);
INSERT INTO movie_directors VALUES (43, 36);
INSERT INTO movie_directors VALUES (98, 35);
INSERT INTO movie_directors VALUES (49, 30);
INSERT INTO movie_directors VALUES (42, 13);

-- Songs Table
CREATE TABLE songs (song_id SERIAL PRIMARY KEY, title VARCHAR(255), movie_id INT, duration_seconds INT, singer VARCHAR(255), music_director VARCHAR(255));
INSERT INTO songs VALUES (1, 'Strategy note', 90, 181, 'Carl Harrington', 'Jerome Rodriguez');
INSERT INTO songs VALUES (2, 'Instead continue', 74, 218, 'Matthew Mullins', 'Heather Smith');
INSERT INTO songs VALUES (3, 'Class', 30, 225, 'Mr. Cody Turner', 'Brian Smith');
INSERT INTO songs VALUES (4, 'Woman will', 6, 201, 'Gail Turner', 'Robert Phillips');
INSERT INTO songs VALUES (5, 'Wish', 96, 241, 'Christina Baldwin', 'Jennifer Barnett DDS');
INSERT INTO songs VALUES (6, 'Democrat offer', 91, 217, 'Debra Johnston', 'Natasha Little');
INSERT INTO songs VALUES (7, 'Direction', 50, 289, 'Jacqueline Miller', 'Charles Wheeler');
INSERT INTO songs VALUES (8, 'Gas then', 84, 158, 'Nicholas Hill', 'Andres Trujillo');
INSERT INTO songs VALUES (9, 'East', 64, 129, 'Joseph Davis', 'Michelle Watts');
INSERT INTO songs VALUES (10, 'Field market', 17, 248, 'Adam Shields', 'Joanne Summers');
INSERT INTO songs VALUES (11, 'Design Mrs', 76, 204, 'Joseph Joseph Jr.', 'Charles Hurst');
INSERT INTO songs VALUES (12, 'Will stock', 13, 232, 'Katherine Ramirez', 'Karen White MD');
INSERT INTO songs VALUES (13, 'Director', 13, 254, 'Linda Pham', 'Frederick Alvarez');
INSERT INTO songs VALUES (14, 'Technology than', 59, 123, 'William Hudson', 'Kiara Duke');
INSERT INTO songs VALUES (15, 'Stuff', 93, 156, 'Jeremy Baker', 'Leslie Chambers');
INSERT INTO songs VALUES (16, 'Smile until', 53, 287, 'Mrs. Amanda Miller', 'Cole Harris');
INSERT INTO songs VALUES (17, 'Physical', 20, 139, 'Rebekah Davis', 'Ashley Garcia');
INSERT INTO songs VALUES (18, 'Off', 61, 187, 'Matthew Bradley', 'Elizabeth Woods');
INSERT INTO songs VALUES (19, 'Once', 44, 279, 'Nancy Fuller', 'Paul Quinn');
INSERT INTO songs VALUES (20, 'Measure forward', 89, 221, 'Jose Gonzales', 'Ryan Warren');
INSERT INTO songs VALUES (21, 'Although', 84, 140, 'Ricardo Rivers', 'Alison Wilson');
INSERT INTO songs VALUES (22, 'Why', 43, 292, 'Victor White', 'Jennifer Cox');
INSERT INTO songs VALUES (23, 'Tonight pass', 69, 217, 'Russell Reid', 'Donna Smith');
INSERT INTO songs VALUES (24, 'Culture talk', 41, 280, 'Robert Hill', 'Kelly Mcguire MD');
INSERT INTO songs VALUES (25, 'Four task', 92, 244, 'Cody Taylor', 'Brian Graves');
INSERT INTO songs VALUES (26, 'However everything', 70, 129, 'Carla Jones', 'Michael Johnson');
INSERT INTO songs VALUES (27, 'In', 80, 137, 'Justin Nichols', 'Jacob Macdonald');
INSERT INTO songs VALUES (28, 'Bill cover', 31, 281, 'Jennifer Johnson', 'Shannon Murphy');
INSERT INTO songs VALUES (29, 'Like hot', 88, 193, 'Tracy Villegas', 'Dennis Ford');
INSERT INTO songs VALUES (30, 'Hit', 30, 143, 'Christopher Arroyo', 'Elizabeth Pearson');
INSERT INTO songs VALUES (31, 'Property kind', 56, 145, 'Mr. Eric Martin', 'Preston Chen');
INSERT INTO songs VALUES (32, 'Product analysis', 98, 282, 'Chase West', 'Shawn Maxwell');
INSERT INTO songs VALUES (33, 'Every', 91, 145, 'David Anderson', 'Charles Leon');
INSERT INTO songs VALUES (34, 'Order he', 57, 162, 'Sarah Phillips', 'Gregory Haynes');
INSERT INTO songs VALUES (35, 'Give less', 89, 196, 'Eric Pierce', 'Ray Smith');
INSERT INTO songs VALUES (36, 'Study', 4, 131, 'Cynthia Hall', 'Jessica Tucker');
INSERT INTO songs VALUES (37, 'Population', 42, 134, 'Charlene Torres', 'Derrick Hines');
INSERT INTO songs VALUES (38, 'Industry show', 38, 211, 'Mark Stewart', 'David Brown');
INSERT INTO songs VALUES (39, 'Oil', 48, 230, 'Nicholas Clark', 'Darrell Gonzalez');
INSERT INTO songs VALUES (40, 'Draw kind', 19, 182, 'Kimberly Oliver', 'Gregory Bentley');
INSERT INTO songs VALUES (41, 'Clear easy', 68, 225, 'Brian Henry', 'Angela Bailey DDS');
INSERT INTO songs VALUES (42, 'Key', 73, 294, 'Denise Harmon', 'Peter King');
INSERT INTO songs VALUES (43, 'Information', 24, 163, 'Richard Brooks', 'Brian Carter');
INSERT INTO songs VALUES (44, 'Hold', 23, 140, 'Travis Davis', 'Cameron Keith');
INSERT INTO songs VALUES (45, 'Tend teacher', 79, 217, 'Tyler Mason', 'Brian Copeland');
INSERT INTO songs VALUES (46, 'Know', 80, 294, 'Virginia Hunter', 'Arthur Massey');
INSERT INTO songs VALUES (47, 'My', 31, 247, 'Dr. Olivia Farmer', 'David Howell');
INSERT INTO songs VALUES (48, 'Bar', 75, 156, 'Judy Peterson', 'Rebecca West');
INSERT INTO songs VALUES (49, 'Imagine', 30, 238, 'Catherine Hansen', 'Troy Ballard');
INSERT INTO songs VALUES (50, 'Finally above', 82, 185, 'Allison Myers', 'Todd Walls');

-- Reviews Table
CREATE TABLE reviews (review_id SERIAL PRIMARY KEY, movie_id INT, platform VARCHAR(50), review_score FLOAT);
INSERT INTO reviews VALUES (1, 59, 'Google', 7.0);
INSERT INTO reviews VALUES (2, 60, 'Google', 7.1);
INSERT INTO reviews VALUES (3, 21, 'IMDb', 5.0);
INSERT INTO reviews VALUES (4, 45, 'RottenTomatoes', 3.7);
INSERT INTO reviews VALUES (5, 55, 'RottenTomatoes', 3.3);
INSERT INTO reviews VALUES (6, 39, 'IMDb', 10.0);
INSERT INTO reviews VALUES (7, 62, 'IMDb', 3.1);
INSERT INTO reviews VALUES (8, 74, 'Google', 6.2);
INSERT INTO reviews VALUES (9, 90, 'Google', 1.2);
INSERT INTO reviews VALUES (10, 85, 'Google', 3.5);
INSERT INTO reviews VALUES (11, 73, 'RottenTomatoes', 8.0);
INSERT INTO reviews VALUES (12, 7, 'RottenTomatoes', 7.7);
INSERT INTO reviews VALUES (13, 37, 'IMDb', 6.5);
INSERT INTO reviews VALUES (14, 46, 'IMDb', 6.7);
INSERT INTO reviews VALUES (15, 80, 'Google', 7.1);
INSERT INTO reviews VALUES (16, 93, 'RottenTomatoes', 7.1);
INSERT INTO reviews VALUES (17, 18, 'RottenTomatoes', 1.9);
INSERT INTO reviews VALUES (18, 81, 'RottenTomatoes', 1.4);
INSERT INTO reviews VALUES (19, 57, 'IMDb', 6.2);
INSERT INTO reviews VALUES (20, 94, 'IMDb', 1.8);
INSERT INTO reviews VALUES (21, 38, 'Google', 7.7);
INSERT INTO reviews VALUES (22, 23, 'IMDb', 2.2);
INSERT INTO reviews VALUES (23, 70, 'Google', 5.8);
INSERT INTO reviews VALUES (24, 35, 'IMDb', 3.3);
INSERT INTO reviews VALUES (25, 62, 'Google', 7.7);
INSERT INTO reviews VALUES (26, 44, 'IMDb', 5.2);
INSERT INTO reviews VALUES (27, 10, 'IMDb', 7.8);
INSERT INTO reviews VALUES (28, 29, 'RottenTomatoes', 7.5);
INSERT INTO reviews VALUES (29, 51, 'RottenTomatoes', 4.3);
INSERT INTO reviews VALUES (30, 51, 'IMDb', 3.4);
INSERT INTO reviews VALUES (31, 16, 'Google', 4.3);
INSERT INTO reviews VALUES (32, 96, 'RottenTomatoes', 3.4);
INSERT INTO reviews VALUES (33, 49, 'RottenTomatoes', 9.5);
INSERT INTO reviews VALUES (34, 14, 'RottenTomatoes', 3.1);
INSERT INTO reviews VALUES (35, 4, 'RottenTomatoes', 9.0);
INSERT INTO reviews VALUES (36, 72, 'Google', 9.2);
INSERT INTO reviews VALUES (37, 29, 'RottenTomatoes', 1.6);
INSERT INTO reviews VALUES (38, 60, 'RottenTomatoes', 3.7);
INSERT INTO reviews VALUES (39, 53, 'IMDb', 2.3);
INSERT INTO reviews VALUES (40, 5, 'Google', 10.0);
INSERT INTO reviews VALUES (41, 15, 'IMDb', 3.1);
INSERT INTO reviews VALUES (42, 69, 'IMDb', 4.5);
INSERT INTO reviews VALUES (43, 48, 'RottenTomatoes', 9.5);
INSERT INTO reviews VALUES (44, 90, 'RottenTomatoes', 4.8);
INSERT INTO reviews VALUES (45, 96, 'RottenTomatoes', 2.4);
INSERT INTO reviews VALUES (46, 54, 'RottenTomatoes', 1.9);
INSERT INTO reviews VALUES (47, 63, 'RottenTomatoes', 4.7);
INSERT INTO reviews VALUES (48, 36, 'IMDb', 7.2);
INSERT INTO reviews VALUES (49, 28, 'Google', 5.0);
INSERT INTO reviews VALUES (50, 31, 'Google', 1.9);

-- Awards Table
CREATE TABLE awards (award_id SERIAL PRIMARY KEY, movie_id INT, award_name VARCHAR(255), year INT, category VARCHAR(255), won BOOLEAN);
INSERT INTO awards VALUES (1, 88, 'Through', 2011, 'Best Director', True);
INSERT INTO awards VALUES (2, 51, 'Performance', 2008, 'Best Actor', True);
INSERT INTO awards VALUES (3, 59, 'Analysis', 2002, 'Best Actor', True);
INSERT INTO awards VALUES (4, 7, 'Represent', 2010, 'Best Actor', True);
INSERT INTO awards VALUES (5, 73, 'Source', 2006, 'Best Film', True);
INSERT INTO awards VALUES (6, 76, 'Guy', 2006, 'Best Actor', False);
INSERT INTO awards VALUES (7, 100, 'Argue', 2004, 'Best Film', False);
INSERT INTO awards VALUES (8, 19, 'Task', 2004, 'Best Director', True);
INSERT INTO awards VALUES (9, 15, 'Imagine', 2021, 'Best Film', True);
INSERT INTO awards VALUES (10, 2, 'Final', 2011, 'Best Actor', False);
INSERT INTO awards VALUES (11, 3, 'Mr', 2005, 'Best Director', True);
INSERT INTO awards VALUES (12, 17, 'Such', 2023, 'Best Music', True);
INSERT INTO awards VALUES (13, 96, 'Rock', 2002, 'Best Music', False);
INSERT INTO awards VALUES (14, 100, 'Police', 2011, 'Best Film', False);
INSERT INTO awards VALUES (15, 65, 'As', 2007, 'Best Film', False);
INSERT INTO awards VALUES (16, 59, 'Send', 2020, 'Best Film', True);
INSERT INTO awards VALUES (17, 62, 'Word', 2012, 'Best Music', True);
INSERT INTO awards VALUES (18, 63, 'Price', 2022, 'Best Music', True);
INSERT INTO awards VALUES (19, 11, 'Well', 2010, 'Best Actor', True);
INSERT INTO awards VALUES (20, 17, 'Kitchen', 2008, 'Best Director', False);
INSERT INTO awards VALUES (21, 77, 'None', 2016, 'Best Director', False);
INSERT INTO awards VALUES (22, 65, 'Plan', 2019, 'Best Music', True);
INSERT INTO awards VALUES (23, 90, 'Fall', 2003, 'Best Actor', False);
INSERT INTO awards VALUES (24, 58, 'Structure', 2007, 'Best Music', False);
INSERT INTO awards VALUES (25, 59, 'So', 2012, 'Best Music', True);
INSERT INTO awards VALUES (26, 41, 'Point', 2013, 'Best Director', False);
INSERT INTO awards VALUES (27, 48, 'Detail', 2004, 'Best Music', True);
INSERT INTO awards VALUES (28, 12, 'Bill', 2002, 'Best Film', False);
INSERT INTO awards VALUES (29, 13, 'Source', 2023, 'Best Director', True);
INSERT INTO awards VALUES (30, 72, 'Cost', 2001, 'Best Director', True);
INSERT INTO awards VALUES (31, 53, 'Join', 2011, 'Best Music', True);
INSERT INTO awards VALUES (32, 37, 'Our', 2019, 'Best Director', False);
INSERT INTO awards VALUES (33, 14, 'Should', 2018, 'Best Actor', True);
INSERT INTO awards VALUES (34, 85, 'Mr', 2015, 'Best Actor', True);
INSERT INTO awards VALUES (35, 45, 'Contain', 2017, 'Best Director', True);
INSERT INTO awards VALUES (36, 98, 'Available', 2008, 'Best Actor', False);
INSERT INTO awards VALUES (37, 72, 'Skill', 2024, 'Best Film', False);
INSERT INTO awards VALUES (38, 4, 'Who', 2005, 'Best Director', False);
INSERT INTO awards VALUES (39, 44, 'Condition', 2011, 'Best Film', True);
INSERT INTO awards VALUES (40, 19, 'Head', 2018, 'Best Music', True);
INSERT INTO awards VALUES (41, 19, 'Again', 2023, 'Best Film', True);
INSERT INTO awards VALUES (42, 96, 'Believe', 2016, 'Best Actor', False);
INSERT INTO awards VALUES (43, 54, 'Position', 2014, 'Best Director', True);
INSERT INTO awards VALUES (44, 48, 'Term', 2009, 'Best Director', True);
INSERT INTO awards VALUES (45, 7, 'Poor', 2004, 'Best Actor', True);
INSERT INTO awards VALUES (46, 87, 'Management', 2002, 'Best Director', False);
INSERT INTO awards VALUES (47, 85, 'Since', 2013, 'Best Music', False);
INSERT INTO awards VALUES (48, 54, 'Industry', 2008, 'Best Actor', True);
INSERT INTO awards VALUES (49, 45, 'Market', 2013, 'Best Film', False);
INSERT INTO awards VALUES (50, 87, 'Same', 2021, 'Best Music', False);

-- Users Table
CREATE TABLE users (user_id SERIAL PRIMARY KEY, name VARCHAR(255), age INT, gender VARCHAR(10), city VARCHAR(255));
INSERT INTO users VALUES (1, 'Karen Welch', 20, 'Male', 'Hyderabad');
INSERT INTO users VALUES (2, 'Mia Li', 56, 'Male', 'Mumbai');
INSERT INTO users VALUES (3, 'Anthony Cook', 31, 'Female', 'Delhi');
INSERT INTO users VALUES (4, 'Joseph Smith', 26, 'Female', 'Bangalore');
INSERT INTO users VALUES (5, 'Anthony Harper', 38, 'Male', 'Mumbai');
INSERT INTO users VALUES (6, 'Paula Fuller', 49, 'Female', 'Delhi');
INSERT INTO users VALUES (7, 'Gordon Harris', 26, 'Female', 'Chennai');
INSERT INTO users VALUES (8, 'Timothy Simon', 32, 'Female', 'Mumbai');
INSERT INTO users VALUES (9, 'Lauren Butler', 43, 'Male', 'Hyderabad');
INSERT INTO users VALUES (10, 'Grace Richardson', 19, 'Female', 'Mumbai');
INSERT INTO users VALUES (11, 'Brent Ayers', 38, 'Female', 'Chennai');
INSERT INTO users VALUES (12, 'Jennifer Garza', 43, 'Female', 'Bangalore');
INSERT INTO users VALUES (13, 'Cody Edwards', 25, 'Female', 'Mumbai');
INSERT INTO users VALUES (14, 'Mark Oconnor', 38, 'Male', 'Chennai');
INSERT INTO users VALUES (15, 'Ashley Thomas', 47, 'Female', 'Mumbai');
INSERT INTO users VALUES (16, 'James Peterson', 45, 'Male', 'Delhi');
INSERT INTO users VALUES (17, 'Patrick Richards', 45, 'Female', 'Chennai');
INSERT INTO users VALUES (18, 'Caleb Bailey', 23, 'Female', 'Bangalore');
INSERT INTO users VALUES (19, 'Kelly Walker PhD', 39, 'Male', 'Bangalore');
INSERT INTO users VALUES (20, 'Gloria Kerr', 28, 'Male', 'Chennai');
INSERT INTO users VALUES (21, 'Jennifer Costa', 58, 'Male', 'Chennai');
INSERT INTO users VALUES (22, 'Drew Jones', 50, 'Male', 'Bangalore');
INSERT INTO users VALUES (23, 'Jason Lewis', 40, 'Male', 'Delhi');
INSERT INTO users VALUES (24, 'Jeffery Ramirez', 24, 'Male', 'Bangalore');
INSERT INTO users VALUES (25, 'Robert Lindsey', 30, 'Male', 'Chennai');
INSERT INTO users VALUES (26, 'Christine Kelly', 27, 'Male', 'Delhi');
INSERT INTO users VALUES (27, 'Kevin Chen', 58, 'Female', 'Hyderabad');
INSERT INTO users VALUES (28, 'Johnny Hayes', 54, 'Female', 'Chennai');
INSERT INTO users VALUES (29, 'Hunter Cain', 59, 'Female', 'Bangalore');
INSERT INTO users VALUES (30, 'Brian Jones', 27, 'Female', 'Mumbai');
INSERT INTO users VALUES (31, 'Ashley Adams', 48, 'Female', 'Bangalore');
INSERT INTO users VALUES (32, 'Sara Holland PhD', 35, 'Male', 'Bangalore');
INSERT INTO users VALUES (33, 'Suzanne Brooks', 50, 'Male', 'Bangalore');
INSERT INTO users VALUES (34, 'Brian Huerta', 47, 'Female', 'Mumbai');
INSERT INTO users VALUES (35, 'Timothy Cochran', 21, 'Female', 'Bangalore');
INSERT INTO users VALUES (36, 'Matthew Hancock DDS', 22, 'Male', 'Chennai');
INSERT INTO users VALUES (37, 'Brandon Morgan', 56, 'Female', 'Hyderabad');
INSERT INTO users VALUES (38, 'Brian Rodriguez', 55, 'Male', 'Hyderabad');
INSERT INTO users VALUES (39, 'Theresa Cook', 54, 'Male', 'Bangalore');
INSERT INTO users VALUES (40, 'Kaitlyn Oliver', 56, 'Female', 'Chennai');
INSERT INTO users VALUES (41, 'George Lopez', 27, 'Male', 'Hyderabad');
INSERT INTO users VALUES (42, 'Craig Santiago', 24, 'Female', 'Mumbai');
INSERT INTO users VALUES (43, 'Brent Perry', 50, 'Male', 'Mumbai');
INSERT INTO users VALUES (44, 'Stephanie Lopez', 33, 'Female', 'Hyderabad');
INSERT INTO users VALUES (45, 'Sharon Stewart', 51, 'Male', 'Bangalore');
INSERT INTO users VALUES (46, 'Jessica Lopez', 41, 'Female', 'Hyderabad');
INSERT INTO users VALUES (47, 'James Oconnell', 44, 'Female', 'Chennai');
INSERT INTO users VALUES (48, 'Sonya Campbell', 21, 'Female', 'Mumbai');
INSERT INTO users VALUES (49, 'Jeffery Ramsey', 39, 'Male', 'Chennai');
INSERT INTO users VALUES (50, 'Brett Murphy', 42, 'Female', 'Bangalore');

-- Watch_history Table
CREATE TABLE watch_history (user_id INT, movie_id INT, watch_date DATE, rating_given FLOAT, PRIMARY KEY (user_id, movie_id));
INSERT INTO watch_history VALUES (47, 85, 2025-03-18, 9.7);
INSERT INTO watch_history VALUES (39, 20, 2023-07-26, 4.0);
INSERT INTO watch_history VALUES (38, 85, 2023-11-24, 2.3);
INSERT INTO watch_history VALUES (23, 40, 2024-06-21, 9.7);
INSERT INTO watch_history VALUES (45, 85, 2023-09-20, 4.5);
INSERT INTO watch_history VALUES (39, 91, 2025-05-18, 9.4);
INSERT INTO watch_history VALUES (20, 72, 2024-03-19, 4.4);
INSERT INTO watch_history VALUES (22, 17, 2025-04-24, 7.0);
INSERT INTO watch_history VALUES (48, 88, 2023-10-28, 9.2);
INSERT INTO watch_history VALUES (6, 83, 2025-04-06, 7.0);
INSERT INTO watch_history VALUES (33, 47, 2025-01-19, 1.2);
INSERT INTO watch_history VALUES (20, 24, 2025-02-16, 9.6);
INSERT INTO watch_history VALUES (22, 99, 2024-05-21, 5.4);
INSERT INTO watch_history VALUES (15, 18, 2024-06-22, 2.4);
INSERT INTO watch_history VALUES (19, 13, 2024-06-27, 5.6);
INSERT INTO watch_history VALUES (35, 95, 2024-10-10, 9.0);
INSERT INTO watch_history VALUES (3, 85, 2023-07-13, 4.0);
INSERT INTO watch_history VALUES (50, 80, 2023-11-30, 2.2);
INSERT INTO watch_history VALUES (25, 20, 2024-11-22, 2.5);
INSERT INTO watch_history VALUES (45, 99, 2023-06-14, 6.6);
INSERT INTO watch_history VALUES (11, 93, 2024-03-14, 4.9);
INSERT INTO watch_history VALUES (27, 47, 2025-02-17, 7.1);
INSERT INTO watch_history VALUES (16, 57, 2024-07-10, 6.5);
INSERT INTO watch_history VALUES (49, 96, 2024-05-12, 8.1);
INSERT INTO watch_history VALUES (15, 69, 2024-02-26, 3.2);
INSERT INTO watch_history VALUES (31, 25, 2023-09-28, 4.3);
INSERT INTO watch_history VALUES (37, 57, 2023-11-10, 5.2);
INSERT INTO watch_history VALUES (19, 100, 2025-02-01, 4.4);
INSERT INTO watch_history VALUES (34, 54, 2024-08-09, 9.7);
INSERT INTO watch_history VALUES (13, 78, 2023-09-15, 2.2);
INSERT INTO watch_history VALUES (17, 7, 2024-05-22, 6.8);
INSERT INTO watch_history VALUES (24, 71, 2023-08-27, 9.4);
INSERT INTO watch_history VALUES (46, 67, 2024-04-06, 8.7);
INSERT INTO watch_history VALUES (19, 11, 2024-04-28, 7.9);
INSERT INTO watch_history VALUES (18, 58, 2024-05-14, 9.1);
INSERT INTO watch_history VALUES (10, 56, 2023-08-24, 1.8);
INSERT INTO watch_history VALUES (15, 58, 2024-10-22, 9.0);
INSERT INTO watch_history VALUES (2, 54, 2024-09-29, 1.5);
INSERT INTO watch_history VALUES (33, 48, 2023-06-19, 3.1);
INSERT INTO watch_history VALUES (6, 48, 2023-07-22, 3.0);
INSERT INTO watch_history VALUES (21, 13, 2024-05-01, 8.6);
INSERT INTO watch_history VALUES (42, 43, 2025-04-09, 8.1);
INSERT INTO watch_history VALUES (9, 5, 2024-04-02, 3.6);
INSERT INTO watch_history VALUES (31, 90, 2023-07-30, 8.5);
INSERT INTO watch_history VALUES (49, 91, 2025-06-11, 5.2);
INSERT INTO watch_history VALUES (40, 1, 2024-02-18, 9.2);
INSERT INTO watch_history VALUES (2, 33, 2023-11-19, 2.9);
INSERT INTO watch_history VALUES (10, 71, 2024-05-19, 9.5);
INSERT INTO watch_history VALUES (39, 68, 2024-11-06, 4.8);
INSERT INTO watch_history VALUES (50, 37, 2023-12-10, 3.1);

-- Production_houses Table
CREATE TABLE production_houses (id SERIAL PRIMARY KEY, name VARCHAR(255), location VARCHAR(255), established_year INT, total_movies INT);
INSERT INTO production_houses VALUES (1, 'Production House 1', 'East Angela', 1993, 74);
INSERT INTO production_houses VALUES (2, 'Production House 2', 'Port Ralph', 1997, 264);
INSERT INTO production_houses VALUES (3, 'Production House 3', 'Jenniferville', 2010, 456);
INSERT INTO production_houses VALUES (4, 'Production House 4', 'West Seanside', 2009, 284);
INSERT INTO production_houses VALUES (5, 'Production House 5', 'West Michele', 1992, 106);
INSERT INTO production_houses VALUES (6, 'Production House 6', 'New Bretthaven', 2016, 305);
INSERT INTO production_houses VALUES (7, 'Production House 7', 'Sandraland', 2009, 324);
INSERT INTO production_houses VALUES (8, 'Production House 8', 'Hawkinsmouth', 1990, 373);
INSERT INTO production_houses VALUES (9, 'Production House 9', 'Hallborough', 2006, 344);
INSERT INTO production_houses VALUES (10, 'Production House 10', 'East Mariastad', 1997, 417);
INSERT INTO production_houses VALUES (11, 'Production House 11', 'Richmouth', 1994, 199);
INSERT INTO production_houses VALUES (12, 'Production House 12', 'Christinabury', 2003, 50);
INSERT INTO production_houses VALUES (13, 'Production House 13', 'North Ashley', 2009, 230);
INSERT INTO production_houses VALUES (14, 'Production House 14', 'Butlerhaven', 1997, 342);
INSERT INTO production_houses VALUES (15, 'Production House 15', 'Torrestown', 2003, 145);
INSERT INTO production_houses VALUES (16, 'Production House 16', 'East Bruce', 2011, 392);
INSERT INTO production_houses VALUES (17, 'Production House 17', 'Stevenbury', 1992, 318);
INSERT INTO production_houses VALUES (18, 'Production House 18', 'Donaldbury', 2001, 84);
INSERT INTO production_houses VALUES (19, 'Production House 19', 'Ericburgh', 2020, 319);
INSERT INTO production_houses VALUES (20, 'Production House 20', 'Shannonborough', 2007, 309);
INSERT INTO production_houses VALUES (21, 'Production House 21', 'Hernandezbury', 2015, 309);
INSERT INTO production_houses VALUES (22, 'Production House 22', 'Aliciamouth', 2007, 60);
INSERT INTO production_houses VALUES (23, 'Production House 23', 'North Eugene', 2002, 497);
INSERT INTO production_houses VALUES (24, 'Production House 24', 'Osborntown', 2005, 72);
INSERT INTO production_houses VALUES (25, 'Production House 25', 'New Staceyfurt', 2010, 248);
INSERT INTO production_houses VALUES (26, 'Production House 26', 'Seanville', 2001, 179);
INSERT INTO production_houses VALUES (27, 'Production House 27', 'Craigport', 2013, 58);
INSERT INTO production_houses VALUES (28, 'Production House 28', 'Port Sheribury', 2001, 453);
INSERT INTO production_houses VALUES (29, 'Production House 29', 'Bartonhaven', 1992, 226);
INSERT INTO production_houses VALUES (30, 'Production House 30', 'East Ethanside', 1997, 425);
INSERT INTO production_houses VALUES (31, 'Production House 31', 'Port Chris', 2011, 371);
INSERT INTO production_houses VALUES (32, 'Production House 32', 'Nelsonberg', 1993, 445);
INSERT INTO production_houses VALUES (33, 'Production House 33', 'North Michael', 2008, 426);
INSERT INTO production_houses VALUES (34, 'Production House 34', 'Port Danaport', 2014, 220);
INSERT INTO production_houses VALUES (35, 'Production House 35', 'New Bryanhaven', 1994, 72);
INSERT INTO production_houses VALUES (36, 'Production House 36', 'Maryton', 2001, 329);
INSERT INTO production_houses VALUES (37, 'Production House 37', 'North Stephanieside', 2000, 466);
INSERT INTO production_houses VALUES (38, 'Production House 38', 'Kirbymouth', 2010, 139);
INSERT INTO production_houses VALUES (39, 'Production House 39', 'East Shawn', 2016, 448);
INSERT INTO production_houses VALUES (40, 'Production House 40', 'Cookton', 2011, 287);
INSERT INTO production_houses VALUES (41, 'Production House 41', 'Walkerchester', 2012, 295);
INSERT INTO production_houses VALUES (42, 'Production House 42', 'Coreyland', 2010, 143);
INSERT INTO production_houses VALUES (43, 'Production House 43', 'West Kyle', 2015, 119);
INSERT INTO production_houses VALUES (44, 'Production House 44', 'Lake Jamiefort', 1992, 416);
INSERT INTO production_houses VALUES (45, 'Production House 45', 'Port Bradley', 2014, 284);
INSERT INTO production_houses VALUES (46, 'Production House 46', 'East Mirandaside', 1991, 200);
INSERT INTO production_houses VALUES (47, 'Production House 47', 'New Ernest', 1996, 72);
INSERT INTO production_houses VALUES (48, 'Production House 48', 'Port Michaelton', 2015, 152);
INSERT INTO production_houses VALUES (49, 'Production House 49', 'Christopherview', 2018, 71);
INSERT INTO production_houses VALUES (50, 'Production House 50', 'Lake Pamside', 2000, 208);

-- Genres_info Table
CREATE TABLE genres_info (id SERIAL PRIMARY KEY, genre_name VARCHAR(50), description TEXT);
INSERT INTO genres_info VALUES (1, 'Action', 'Interview similar catch mouth contain of.');
INSERT INTO genres_info VALUES (2, 'Drama', 'Cold speech officer some.');
INSERT INTO genres_info VALUES (3, 'Comedy', 'Discussion college run true town.');
INSERT INTO genres_info VALUES (4, 'Romance', 'Face laugh start by sometimes indicate often.');
INSERT INTO genres_info VALUES (5, 'Thriller', 'Buy treat budget hundred identify age reach.');
INSERT INTO genres_info VALUES (6, 'Horror', 'Believe build sense nor.');
INSERT INTO genres_info VALUES (7, 'Biopic', 'Attention common quite prevent about.');

-- Platforms_info Table
CREATE TABLE platforms_info (id SERIAL PRIMARY KEY, platform_name VARCHAR(50), url TEXT);
INSERT INTO platforms_info VALUES (1, 'IMDb', 'https://www.mckenzie-hayes.biz/');
INSERT INTO platforms_info VALUES (2, 'Google', 'http://cook.org/');
INSERT INTO platforms_info VALUES (3, 'RottenTomatoes', 'https://www.williams-adkins.org/');